Method,Job,AnalyzeLaunchVariance,EvaluateOverhead,MaxAbsoluteError,MaxRelativeError,MinInvokeCount,MinIterationTime,OutlierMode,Affinity,EnvironmentVariables,Jit,LargeAddressAware,Platform,PowerPlanMode,Runtime,AllowVeryLargeObjects,Concurrent,CpuGroups,Force,HeapAffinitizeMask,HeapCount,NoAffinitize,RetainVm,Server,Arguments,BuildConfiguration,Clock,EngineFactory,NuGetReferences,Toolchain,IsMutator,InvocationCount,IterationCount,IterationTime,LaunchCount,MaxIterationCount,MaxWarmupIterationCount,MemoryRandomization,MinIterationCount,MinWarmupIterationCount,RunStrategy,UnrollFactor,WarmupCount,N,DegreeOfParallelism,Mean,Error,StdDev,Median,Ratio,RatioSD,Gen0,Completed Work Items,Lock Contentions,Gen1,Gen2,Allocated,Alloc Ratio
EfCore,DefaultJob,False,Default,Default,Default,Default,Default,Default,1111111111111111,Empty,RyuJit,Default,X64,8c5e7fda-e8bf-4a96-9a85-a6e23a8c635c,.NET 10.0,False,True,False,True,Default,Default,False,False,False,Default,Default,Default,Default,Default,Default,Default,Default,Default,Default,Default,Default,Default,Default,Default,Default,Default,16,Default,10000,32,1.656 s,0.0310 s,0.0290 s,1.647 s,1.00,0.02,103000.0000,8234.0000,0.0000,7000.0000,0.0000,814.27 MB,1.00
EfCore_Compiled,DefaultJob,False,Default,Default,Default,Default,Default,Default,1111111111111111,Empty,RyuJit,Default,X64,8c5e7fda-e8bf-4a96-9a85-a6e23a8c635c,.NET 10.0,False,True,False,True,Default,Default,False,False,False,Default,Default,Default,Default,Default,Default,Default,Default,Default,Default,Default,Default,Default,Default,Default,Default,Default,16,Default,10000,32,1.630 s,0.0231 s,0.0205 s,1.626 s,0.98,0.02,102000.0000,8267.0000,0.0000,6000.0000,0.0000,811 MB,1.00
Dapper_Buffered,DefaultJob,False,Default,Default,Default,Default,Default,Default,1111111111111111,Empty,RyuJit,Default,X64,8c5e7fda-e8bf-4a96-9a85-a6e23a8c635c,.NET 10.0,False,True,False,True,Default,Default,False,False,False,Default,Default,Default,Default,Default,Default,Default,Default,Default,Default,Default,Default,Default,Default,Default,Default,Default,16,Default,10000,32,1.757 s,0.0332 s,0.0295 s,1.763 s,1.06,0.02,82000.0000,740.0000,0.0000,79000.0000,2000.0000,628.94 MB,0.77
Dapper_Unbuffered,DefaultJob,False,Default,Default,Default,Default,Default,Default,1111111111111111,Empty,RyuJit,Default,X64,8c5e7fda-e8bf-4a96-9a85-a6e23a8c635c,.NET 10.0,False,True,False,True,Default,Default,False,False,False,Default,Default,Default,Default,Default,Default,Default,Default,Default,Default,Default,Default,Default,Default,Default,Default,Default,16,Default,10000,32,1.582 s,0.0308 s,0.0273 s,1.577 s,0.96,0.02,75000.0000,816.0000,0.0000,16000.0000,0.0000,598.37 MB,0.73
Dapper_QueryUnbuffered,DefaultJob,False,Default,Default,Default,Default,Default,Default,1111111111111111,Empty,RyuJit,Default,X64,8c5e7fda-e8bf-4a96-9a85-a6e23a8c635c,.NET 10.0,False,True,False,True,Default,Default,False,False,False,Default,Default,Default,Default,Default,Default,Default,Default,Default,Default,Default,Default,Default,Default,Default,Default,Default,16,Default,10000,32,2.194 s,0.0343 s,0.0321 s,2.184 s,1.33,0.03,85000.0000,1194.0000,0.0000,29000.0000,2000.0000,649.54 MB,0.80
EfCore,DefaultJob,False,Default,Default,Default,Default,Default,Default,1111111111111111,Empty,RyuJit,Default,X64,8c5e7fda-e8bf-4a96-9a85-a6e23a8c635c,.NET 10.0,False,True,False,True,Default,Default,False,False,False,Default,Default,Default,Default,Default,Default,Default,Default,Default,Default,Default,Default,Default,Default,Default,Default,Default,16,Default,10000,64,3.308 s,0.0459 s,0.0429 s,3.286 s,1.00,0.02,209000.0000,16423.0000,3.0000,19000.0000,3000.0000,1628.77 MB,1.00
EfCore_Compiled,DefaultJob,False,Default,Default,Default,Default,Default,Default,1111111111111111,Empty,RyuJit,Default,X64,8c5e7fda-e8bf-4a96-9a85-a6e23a8c635c,.NET 10.0,False,True,False,True,Default,Default,False,False,False,Default,Default,Default,Default,Default,Default,Default,Default,Default,Default,Default,Default,Default,Default,Default,Default,Default,16,Default,10000,64,3.301 s,0.0277 s,0.0260 s,3.304 s,1.00,0.01,208000.0000,16431.0000,0.0000,19000.0000,3000.0000,1622.6 MB,1.00
Dapper_Buffered,DefaultJob,False,Default,Default,Default,Default,Default,Default,1111111111111111,Empty,RyuJit,Default,X64,8c5e7fda-e8bf-4a96-9a85-a6e23a8c635c,.NET 10.0,False,True,False,True,Default,Default,False,False,False,Default,Default,Default,Default,Default,Default,Default,Default,Default,Default,Default,Default,Default,Default,Default,Default,Default,16,Default,10000,64,3.539 s,0.0502 s,0.0445 s,3.534 s,1.07,0.02,162000.0000,1074.0000,0.0000,161000.0000,2000.0000,1257.82 MB,0.77
Dapper_Unbuffered,DefaultJob,False,Default,Default,Default,Default,Default,Default,1111111111111111,Empty,RyuJit,Default,X64,8c5e7fda-e8bf-4a96-9a85-a6e23a8c635c,.NET 10.0,False,True,False,True,Default,Default,False,False,False,Default,Default,Default,Default,Default,Default,Default,Default,Default,Default,Default,Default,Default,Default,Default,Default,Default,16,Default,10000,64,3.199 s,0.0308 s,0.0288 s,3.197 s,0.97,0.01,152000.0000,1166.0000,0.0000,29000.0000,0.0000,1197.1 MB,0.73
Dapper_QueryUnbuffered,DefaultJob,False,Default,Default,Default,Default,Default,Default,1111111111111111,Empty,RyuJit,Default,X64,8c5e7fda-e8bf-4a96-9a85-a6e23a8c635c,.NET 10.0,False,True,False,True,Default,Default,False,False,False,Default,Default,Default,Default,Default,Default,Default,Default,Default,Default,Default,Default,Default,Default,Default,Default,Default,16,Default,10000,64,4.411 s,0.0876 s,0.1283 s,4.370 s,1.33,0.04,171000.0000,1283.0000,0.0000,63000.0000,4000.0000,1298.85 MB,0.80
EfCore,DefaultJob,False,Default,Default,Default,Default,Default,Default,1111111111111111,Empty,RyuJit,Default,X64,8c5e7fda-e8bf-4a96-9a85-a6e23a8c635c,.NET 10.0,False,True,False,True,Default,Default,False,False,False,Default,Default,Default,Default,Default,Default,Default,Default,Default,Default,Default,Default,Default,Default,Default,Default,Default,16,Default,10000,128,6.635 s,0.0551 s,0.0515 s,6.644 s,1.00,0.01,421000.0000,33499.0000,2.0000,40000.0000,8000.0000,3259.36 MB,1.00
EfCore_Compiled,DefaultJob,False,Default,Default,Default,Default,Default,Default,1111111111111111,Empty,RyuJit,Default,X64,8c5e7fda-e8bf-4a96-9a85-a6e23a8c635c,.NET 10.0,False,True,False,True,Default,Default,False,False,False,Default,Default,Default,Default,Default,Default,Default,Default,Default,Default,Default,Default,Default,Default,Default,Default,Default,16,Default,10000,128,6.610 s,0.0387 s,0.0302 s,6.606 s,1.00,0.01,419000.0000,33498.0000,1.0000,41000.0000,8000.0000,3246.21 MB,1.00
Dapper_Buffered,DefaultJob,False,Default,Default,Default,Default,Default,Default,1111111111111111,Empty,RyuJit,Default,X64,8c5e7fda-e8bf-4a96-9a85-a6e23a8c635c,.NET 10.0,False,True,False,True,Default,Default,False,False,False,Default,Default,Default,Default,Default,Default,Default,Default,Default,Default,Default,Default,Default,Default,Default,Default,Default,16,Default,10000,128,8.128 s,0.1617 s,0.1661 s,8.133 s,1.22,0.03,348000.0000,5598.0000,6.0000,345000.0000,33000.0000,2519.74 MB,0.77
Dapper_Unbuffered,DefaultJob,False,Default,Default,Default,Default,Default,Default,1111111111111111,Empty,RyuJit,Default,X64,8c5e7fda-e8bf-4a96-9a85-a6e23a8c635c,.NET 10.0,False,True,False,True,Default,Default,False,False,False,Default,Default,Default,Default,Default,Default,Default,Default,Default,Default,Default,Default,Default,Default,Default,Default,Default,16,Default,10000,128,6.603 s,0.0661 s,0.0618 s,6.609 s,1.00,0.01,305000.0000,5510.0000,0.0000,66000.0000,1000.0000,2397.45 MB,0.74
Dapper_QueryUnbuffered,DefaultJob,False,Default,Default,Default,Default,Default,Default,1111111111111111,Empty,RyuJit,Default,X64,8c5e7fda-e8bf-4a96-9a85-a6e23a8c635c,.NET 10.0,False,True,False,True,Default,Default,False,False,False,Default,Default,Default,Default,Default,Default,Default,Default,Default,Default,Default,Default,Default,Default,Default,Default,Default,16,Default,10000,128,9.784 s,0.0679 s,0.0635 s,9.787 s,1.47,0.01,342000.0000,5876.0000,0.0000,143000.0000,8000.0000,2599.62 MB,0.80
EfCore,DefaultJob,False,Default,Default,Default,Default,Default,Default,1111111111111111,Empty,RyuJit,Default,X64,8c5e7fda-e8bf-4a96-9a85-a6e23a8c635c,.NET 10.0,False,True,False,True,Default,Default,False,False,False,Default,Default,Default,Default,Default,Default,Default,Default,Default,Default,Default,Default,Default,Default,Default,Default,Default,16,Default,10000,256,13.314 s,0.0351 s,0.0328 s,13.321 s,1.00,0.00,840000.0000,67189.0000,5.0000,78000.0000,14000.0000,6518.14 MB,1.00
EfCore_Compiled,DefaultJob,False,Default,Default,Default,Default,Default,Default,1111111111111111,Empty,RyuJit,Default,X64,8c5e7fda-e8bf-4a96-9a85-a6e23a8c635c,.NET 10.0,False,True,False,True,Default,Default,False,False,False,Default,Default,Default,Default,Default,Default,Default,Default,Default,Default,Default,Default,Default,Default,Default,Default,Default,16,Default,10000,256,13.237 s,0.0474 s,0.0396 s,13.222 s,0.99,0.00,837000.0000,67179.0000,9.0000,80000.0000,15000.0000,6492.91 MB,1.00
Dapper_Buffered,DefaultJob,False,Default,Default,Default,Default,Default,Default,1111111111111111,Empty,RyuJit,Default,X64,8c5e7fda-e8bf-4a96-9a85-a6e23a8c635c,.NET 10.0,False,True,False,True,Default,Default,False,False,False,Default,Default,Default,Default,Default,Default,Default,Default,Default,Default,Default,Default,Default,Default,Default,Default,Default,16,Default,10000,256,16.000 s,0.1560 s,0.1302 s,16.001 s,1.20,0.01,688000.0000,11746.0000,14.0000,686000.0000,55000.0000,5039.66 MB,0.77
Dapper_Unbuffered,DefaultJob,False,Default,Default,Default,Default,Default,Default,1111111111111111,Empty,RyuJit,Default,X64,8c5e7fda-e8bf-4a96-9a85-a6e23a8c635c,.NET 10.0,False,True,False,True,Default,Default,False,False,False,Default,Default,Default,Default,Default,Default,Default,Default,Default,Default,Default,Default,Default,Default,Default,Default,Default,16,Default,10000,256,13.153 s,0.1142 s,0.1069 s,13.188 s,0.99,0.01,611000.0000,11287.0000,7.0000,135000.0000,2000.0000,4795.7 MB,0.74
Dapper_QueryUnbuffered,DefaultJob,False,Default,Default,Default,Default,Default,Default,1111111111111111,Empty,RyuJit,Default,X64,8c5e7fda-e8bf-4a96-9a85-a6e23a8c635c,.NET 10.0,False,True,False,True,Default,Default,False,False,False,Default,Default,Default,Default,Default,Default,Default,Default,Default,Default,Default,Default,Default,Default,Default,Default,Default,16,Default,10000,256,19.329 s,0.1686 s,0.1577 s,19.317 s,1.45,0.01,682000.0000,12247.0000,0.0000,272000.0000,14000.0000,5197.55 MB,0.80
EfCore,DefaultJob,False,Default,Default,Default,Default,Default,Default,1111111111111111,Empty,RyuJit,Default,X64,8c5e7fda-e8bf-4a96-9a85-a6e23a8c635c,.NET 10.0,False,True,False,True,Default,Default,False,False,False,Default,Default,Default,Default,Default,Default,Default,Default,Default,Default,Default,Default,Default,Default,Default,Default,Default,16,Default,10000,512,25.764 s,0.0958 s,0.0849 s,25.768 s,1.00,0.00,1672000.0000,134185.0000,8.0000,155000.0000,20000.0000,13036.51 MB,1.00
EfCore_Compiled,DefaultJob,False,Default,Default,Default,Default,Default,Default,1111111111111111,Empty,RyuJit,Default,X64,8c5e7fda-e8bf-4a96-9a85-a6e23a8c635c,.NET 10.0,False,True,False,True,Default,Default,False,False,False,Default,Default,Default,Default,Default,Default,Default,Default,Default,Default,Default,Default,Default,Default,Default,Default,Default,16,Default,10000,512,25.796 s,0.0844 s,0.0705 s,25.795 s,1.00,0.00,1667000.0000,134133.0000,6.0000,156000.0000,21000.0000,12986.11 MB,1.00
Dapper_Buffered,DefaultJob,False,Default,Default,Default,Default,Default,Default,1111111111111111,Empty,RyuJit,Default,X64,8c5e7fda-e8bf-4a96-9a85-a6e23a8c635c,.NET 10.0,False,True,False,True,Default,Default,False,False,False,Default,Default,Default,Default,Default,Default,Default,Default,Default,Default,Default,Default,Default,Default,Default,Default,Default,16,Default,10000,512,34.568 s,0.6857 s,1.4006 s,35.104 s,1.34,0.05,1389000.0000,23541.0000,17.0000,1383000.0000,130000.0000,10078.52 MB,0.77
Dapper_Unbuffered,DefaultJob,False,Default,Default,Default,Default,Default,Default,1111111111111111,Empty,RyuJit,Default,X64,8c5e7fda-e8bf-4a96-9a85-a6e23a8c635c,.NET 10.0,False,True,False,True,Default,Default,False,False,False,Default,Default,Default,Default,Default,Default,Default,Default,Default,Default,Default,Default,Default,Default,Default,Default,Default,16,Default,10000,512,29.020 s,0.1482 s,0.1386 s,29.033 s,1.13,0.01,1224000.0000,22730.0000,13.0000,262000.0000,6000.0000,9589.84 MB,0.74
Dapper_QueryUnbuffered,DefaultJob,False,Default,Default,Default,Default,Default,Default,1111111111111111,Empty,RyuJit,Default,X64,8c5e7fda-e8bf-4a96-9a85-a6e23a8c635c,.NET 10.0,False,True,False,True,Default,Default,False,False,False,Default,Default,Default,Default,Default,Default,Default,Default,Default,Default,Default,Default,Default,Default,Default,Default,Default,16,Default,10000,512,43.262 s,0.1126 s,0.0998 s,43.268 s,1.68,0.01,1378000.0000,24581.0000,4.0000,558000.0000,40000.0000,10397.42 MB,0.80
