Method,Job,AnalyzeLaunchVariance,EvaluateOverhead,MaxAbsoluteError,MaxRelativeError,MinInvokeCount,MinIterationTime,OutlierMode,Affinity,EnvironmentVariables,Jit,LargeAddressAware,Platform,PowerPlanMode,Runtime,AllowVeryLargeObjects,Concurrent,CpuGroups,Force,HeapAffinitizeMask,HeapCount,NoAffinitize,RetainVm,Server,Arguments,BuildConfiguration,Clock,EngineFactory,NuGetReferences,Toolchain,IsMutator,InvocationCount,IterationCount,IterationTime,LaunchCount,MaxIterationCount,MaxWarmupIterationCount,MemoryRandomization,MinIterationCount,MinWarmupIterationCount,RunStrategy,UnrollFactor,WarmupCount,N,Mean,Error,StdDev,Ratio,RatioSD,Gen0,Gen1,Gen2,Allocated,Alloc Ratio
EfCore,DefaultJob,False,Default,Default,Default,Default,Default,Default,1111111111111111,Empty,RyuJit,Default,X64,8c5e7fda-e8bf-4a96-9a85-a6e23a8c635c,.NET 10.0,False,True,False,True,Default,Default,False,False,False,Default,Default,Default,Default,Default,Default,Default,Default,Default,Default,Default,Default,Default,Default,Default,Default,Default,16,Default,10,699.7 μs,13.67 μs,13.42 μs,1.00,0.03,1.9531,0.0000,0.0000,15.82 KB,1.00
EfCore_Compiled,DefaultJob,False,Default,Default,Default,Default,Default,Default,1111111111111111,Empty,RyuJit,Default,X64,8c5e7fda-e8bf-4a96-9a85-a6e23a8c635c,.NET 10.0,False,True,False,True,Default,Default,False,False,False,Default,Default,Default,Default,Default,Default,Default,Default,Default,Default,Default,Default,Default,Default,Default,Default,Default,16,Default,10,656.9 μs,4.92 μs,4.11 μs,0.94,0.02,0.9766,0.0000,0.0000,9.95 KB,0.63
Dapper_Buffered,DefaultJob,False,Default,Default,Default,Default,Default,Default,1111111111111111,Empty,RyuJit,Default,X64,8c5e7fda-e8bf-4a96-9a85-a6e23a8c635c,.NET 10.0,False,True,False,True,Default,Default,False,False,False,Default,Default,Default,Default,Default,Default,Default,Default,Default,Default,Default,Default,Default,Default,Default,Default,Default,16,Default,10,642.8 μs,8.45 μs,7.90 μs,0.92,0.02,0.0000,0.0000,0.0000,6.79 KB,0.43
Dapper_Unbuffered,DefaultJob,False,Default,Default,Default,Default,Default,Default,1111111111111111,Empty,RyuJit,Default,X64,8c5e7fda-e8bf-4a96-9a85-a6e23a8c635c,.NET 10.0,False,True,False,True,Default,Default,False,False,False,Default,Default,Default,Default,Default,Default,Default,Default,Default,Default,Default,Default,Default,Default,Default,Default,Default,16,Default,10,634.2 μs,12.40 μs,16.12 μs,0.91,0.03,0.0000,0.0000,0.0000,6.83 KB,0.43
Dapper_QueryUnbuffered,DefaultJob,False,Default,Default,Default,Default,Default,Default,1111111111111111,Empty,RyuJit,Default,X64,8c5e7fda-e8bf-4a96-9a85-a6e23a8c635c,.NET 10.0,False,True,False,True,Default,Default,False,False,False,Default,Default,Default,Default,Default,Default,Default,Default,Default,Default,Default,Default,Default,Default,Default,Default,Default,16,Default,10,"9,437.1 μs",185.79 μs,289.25 μs,13.49,0.48,0.0000,0.0000,0.0000,113.77 KB,7.19
EfCore,DefaultJob,False,Default,Default,Default,Default,Default,Default,1111111111111111,Empty,RyuJit,Default,X64,8c5e7fda-e8bf-4a96-9a85-a6e23a8c635c,.NET 10.0,False,True,False,True,Default,Default,False,False,False,Default,Default,Default,Default,Default,Default,Default,Default,Default,Default,Default,Default,Default,Default,Default,Default,Default,16,Default,100,886.1 μs,9.95 μs,8.31 μs,1.00,0.01,7.8125,0.0000,0.0000,67.83 KB,1.00
EfCore_Compiled,DefaultJob,False,Default,Default,Default,Default,Default,Default,1111111111111111,Empty,RyuJit,Default,X64,8c5e7fda-e8bf-4a96-9a85-a6e23a8c635c,.NET 10.0,False,True,False,True,Default,Default,False,False,False,Default,Default,Default,Default,Default,Default,Default,Default,Default,Default,Default,Default,Default,Default,Default,Default,Default,16,Default,100,848.4 μs,6.03 μs,5.03 μs,0.96,0.01,5.8594,0.0000,0.0000,61.91 KB,0.91
Dapper_Buffered,DefaultJob,False,Default,Default,Default,Default,Default,Default,1111111111111111,Empty,RyuJit,Default,X64,8c5e7fda-e8bf-4a96-9a85-a6e23a8c635c,.NET 10.0,False,True,False,True,Default,Default,False,False,False,Default,Default,Default,Default,Default,Default,Default,Default,Default,Default,Default,Default,Default,Default,Default,Default,Default,16,Default,100,822.0 μs,7.58 μs,6.72 μs,0.93,0.01,3.9063,0.0000,0.0000,46.8 KB,0.69
Dapper_Unbuffered,DefaultJob,False,Default,Default,Default,Default,Default,Default,1111111111111111,Empty,RyuJit,Default,X64,8c5e7fda-e8bf-4a96-9a85-a6e23a8c635c,.NET 10.0,False,True,False,True,Default,Default,False,False,False,Default,Default,Default,Default,Default,Default,Default,Default,Default,Default,Default,Default,Default,Default,Default,Default,Default,16,Default,100,828.7 μs,8.26 μs,7.32 μs,0.94,0.01,4.8828,0.0000,0.0000,46.88 KB,0.69
Dapper_QueryUnbuffered,DefaultJob,False,Default,Default,Default,Default,Default,Default,1111111111111111,Empty,RyuJit,Default,X64,8c5e7fda-e8bf-4a96-9a85-a6e23a8c635c,.NET 10.0,False,True,False,True,Default,Default,False,False,False,Default,Default,Default,Default,Default,Default,Default,Default,Default,Default,Default,Default,Default,Default,Default,Default,Default,16,Default,100,"9,697.7 μs",189.52 μs,289.42 μs,10.95,0.34,15.6250,0.0000,0.0000,153.81 KB,2.27
EfCore,DefaultJob,False,Default,Default,Default,Default,Default,Default,1111111111111111,Empty,RyuJit,Default,X64,8c5e7fda-e8bf-4a96-9a85-a6e23a8c635c,.NET 10.0,False,True,False,True,Default,Default,False,False,False,Default,Default,Default,Default,Default,Default,Default,Default,Default,Default,Default,Default,Default,Default,Default,Default,Default,16,Default,1000,"1,957.1 μs",28.93 μs,27.06 μs,1.00,0.02,70.3125,23.4375,0.0000,589.54 KB,1.00
EfCore_Compiled,DefaultJob,False,Default,Default,Default,Default,Default,Default,1111111111111111,Empty,RyuJit,Default,X64,8c5e7fda-e8bf-4a96-9a85-a6e23a8c635c,.NET 10.0,False,True,False,True,Default,Default,False,False,False,Default,Default,Default,Default,Default,Default,Default,Default,Default,Default,Default,Default,Default,Default,Default,Default,Default,16,Default,1000,"1,884.4 μs",14.42 μs,12.04 μs,0.96,0.01,70.3125,31.2500,0.0000,583.76 KB,0.99
Dapper_Buffered,DefaultJob,False,Default,Default,Default,Default,Default,Default,1111111111111111,Empty,RyuJit,Default,X64,8c5e7fda-e8bf-4a96-9a85-a6e23a8c635c,.NET 10.0,False,True,False,True,Default,Default,False,False,False,Default,Default,Default,Default,Default,Default,Default,Default,Default,Default,Default,Default,Default,Default,Default,Default,Default,16,Default,1000,"1,825.6 μs",15.71 μs,13.93 μs,0.93,0.01,54.6875,19.5313,0.0000,448.19 KB,0.76
Dapper_Unbuffered,DefaultJob,False,Default,Default,Default,Default,Default,Default,1111111111111111,Empty,RyuJit,Default,X64,8c5e7fda-e8bf-4a96-9a85-a6e23a8c635c,.NET 10.0,False,True,False,True,Default,Default,False,False,False,Default,Default,Default,Default,Default,Default,Default,Default,Default,Default,Default,Default,Default,Default,Default,Default,Default,16,Default,1000,"1,844.0 μs",34.17 μs,31.96 μs,0.94,0.02,54.6875,19.5313,0.0000,448.19 KB,0.76
Dapper_QueryUnbuffered,DefaultJob,False,Default,Default,Default,Default,Default,Default,1111111111111111,Empty,RyuJit,Default,X64,8c5e7fda-e8bf-4a96-9a85-a6e23a8c635c,.NET 10.0,False,True,False,True,Default,Default,False,False,False,Default,Default,Default,Default,Default,Default,Default,Default,Default,Default,Default,Default,Default,Default,Default,Default,Default,16,Default,1000,"10,979.1 μs",177.76 μs,157.58 μs,5.61,0.11,62.5000,15.6250,0.0000,555.32 KB,0.94
EfCore,DefaultJob,False,Default,Default,Default,Default,Default,Default,1111111111111111,Empty,RyuJit,Default,X64,8c5e7fda-e8bf-4a96-9a85-a6e23a8c635c,.NET 10.0,False,True,False,True,Default,Default,False,False,False,Default,Default,Default,Default,Default,Default,Default,Default,Default,Default,Default,Default,Default,Default,Default,Default,Default,16,Default,10000,"20,547.2 μs",410.84 μs,697.63 μs,1.00,0.05,875.0000,562.5000,187.5000,5880.79 KB,1.00
EfCore_Compiled,DefaultJob,False,Default,Default,Default,Default,Default,Default,1111111111111111,Empty,RyuJit,Default,X64,8c5e7fda-e8bf-4a96-9a85-a6e23a8c635c,.NET 10.0,False,True,False,True,Default,Default,False,False,False,Default,Default,Default,Default,Default,Default,Default,Default,Default,Default,Default,Default,Default,Default,Default,Default,Default,16,Default,10000,"20,158.5 μs",400.97 μs,575.06 μs,0.98,0.04,843.7500,531.2500,156.2500,5874.09 KB,1.00
Dapper_Buffered,DefaultJob,False,Default,Default,Default,Default,Default,Default,1111111111111111,Empty,RyuJit,Default,X64,8c5e7fda-e8bf-4a96-9a85-a6e23a8c635c,.NET 10.0,False,True,False,True,Default,Default,False,False,False,Default,Default,Default,Default,Default,Default,Default,Default,Default,Default,Default,Default,Default,Default,Default,Default,Default,16,Default,10000,"19,669.0 μs",334.15 μs,328.18 μs,0.96,0.04,750.0000,718.7500,218.7500,4532.06 KB,0.77
Dapper_Unbuffered,DefaultJob,False,Default,Default,Default,Default,Default,Default,1111111111111111,Empty,RyuJit,Default,X64,8c5e7fda-e8bf-4a96-9a85-a6e23a8c635c,.NET 10.0,False,True,False,True,Default,Default,False,False,False,Default,Default,Default,Default,Default,Default,Default,Default,Default,Default,Default,Default,Default,Default,Default,Default,Default,16,Default,10000,"19,579.8 μs",387.76 μs,398.20 μs,0.95,0.04,718.7500,687.5000,187.5000,4530.96 KB,0.77
Dapper_QueryUnbuffered,DefaultJob,False,Default,Default,Default,Default,Default,Default,1111111111111111,Empty,RyuJit,Default,X64,8c5e7fda-e8bf-4a96-9a85-a6e23a8c635c,.NET 10.0,False,True,False,True,Default,Default,False,False,False,Default,Default,Default,Default,Default,Default,Default,Default,Default,Default,Default,Default,Default,Default,Default,Default,Default,16,Default,10000,"29,325.6 μs",566.80 μs,737.00 μs,1.43,0.06,718.7500,687.5000,187.5000,4638.63 KB,0.79
EfCore,DefaultJob,False,Default,Default,Default,Default,Default,Default,1111111111111111,Empty,RyuJit,Default,X64,8c5e7fda-e8bf-4a96-9a85-a6e23a8c635c,.NET 10.0,False,True,False,True,Default,Default,False,False,False,Default,Default,Default,Default,Default,Default,Default,Default,Default,Default,Default,Default,Default,Default,Default,Default,Default,16,Default,50000,"255,578.5 μs","3,542.61 μs","2,958.24 μs",1.00,0.02,3000.0000,1000.0000,0.0000,29186.27 KB,1.00
EfCore_Compiled,DefaultJob,False,Default,Default,Default,Default,Default,Default,1111111111111111,Empty,RyuJit,Default,X64,8c5e7fda-e8bf-4a96-9a85-a6e23a8c635c,.NET 10.0,False,True,False,True,Default,Default,False,False,False,Default,Default,Default,Default,Default,Default,Default,Default,Default,Default,Default,Default,Default,Default,Default,Default,Default,16,Default,50000,"248,420.3 μs","3,551.18 μs","3,321.78 μs",0.97,0.02,3000.0000,1000.0000,0.0000,29182.93 KB,1.00
Dapper_Buffered,DefaultJob,False,Default,Default,Default,Default,Default,Default,1111111111111111,Empty,RyuJit,Default,X64,8c5e7fda-e8bf-4a96-9a85-a6e23a8c635c,.NET 10.0,False,True,False,True,Default,Default,False,False,False,Default,Default,Default,Default,Default,Default,Default,Default,Default,Default,Default,Default,Default,Default,Default,Default,Default,16,Default,50000,"250,109.2 μs","5,001.08 μs","4,433.32 μs",0.98,0.02,3500.0000,3000.0000,1000.0000,22460.52 KB,0.77
Dapper_Unbuffered,DefaultJob,False,Default,Default,Default,Default,Default,Default,1111111111111111,Empty,RyuJit,Default,X64,8c5e7fda-e8bf-4a96-9a85-a6e23a8c635c,.NET 10.0,False,True,False,True,Default,Default,False,False,False,Default,Default,Default,Default,Default,Default,Default,Default,Default,Default,Default,Default,Default,Default,Default,Default,Default,16,Default,50000,"250,374.5 μs","3,705.31 μs","3,094.10 μs",0.98,0.02,3500.0000,3000.0000,1000.0000,22456.54 KB,0.77
Dapper_QueryUnbuffered,DefaultJob,False,Default,Default,Default,Default,Default,Default,1111111111111111,Empty,RyuJit,Default,X64,8c5e7fda-e8bf-4a96-9a85-a6e23a8c635c,.NET 10.0,False,True,False,True,Default,Default,False,False,False,Default,Default,Default,Default,Default,Default,Default,Default,Default,Default,Default,Default,Default,Default,Default,Default,Default,16,Default,50000,"259,442.9 μs","4,845.67 μs","4,046.35 μs",1.02,0.02,3500.0000,3000.0000,1000.0000,22567.66 KB,0.77
EfCore,DefaultJob,False,Default,Default,Default,Default,Default,Default,1111111111111111,Empty,RyuJit,Default,X64,8c5e7fda-e8bf-4a96-9a85-a6e23a8c635c,.NET 10.0,False,True,False,True,Default,Default,False,False,False,Default,Default,Default,Default,Default,Default,Default,Default,Default,Default,Default,Default,Default,Default,Default,Default,Default,16,Default,100000,"338,743.4 μs","6,418.91 μs","5,690.20 μs",1.00,0.02,7000.0000,4000.0000,1000.0000,58118.61 KB,1.00
EfCore_Compiled,DefaultJob,False,Default,Default,Default,Default,Default,Default,1111111111111111,Empty,RyuJit,Default,X64,8c5e7fda-e8bf-4a96-9a85-a6e23a8c635c,.NET 10.0,False,True,False,True,Default,Default,False,False,False,Default,Default,Default,Default,Default,Default,Default,Default,Default,Default,Default,Default,Default,Default,Default,Default,Default,16,Default,100000,"340,864.2 μs","3,613.33 μs","3,203.12 μs",1.01,0.02,7000.0000,4000.0000,1000.0000,58187.75 KB,1.00
Dapper_Buffered,DefaultJob,False,Default,Default,Default,Default,Default,Default,1111111111111111,Empty,RyuJit,Default,X64,8c5e7fda-e8bf-4a96-9a85-a6e23a8c635c,.NET 10.0,False,True,False,True,Default,Default,False,False,False,Default,Default,Default,Default,Default,Default,Default,Default,Default,Default,Default,Default,Default,Default,Default,Default,Default,16,Default,100000,"332,264.9 μs","4,825.09 μs","4,277.32 μs",0.98,0.02,6000.0000,5000.0000,1000.0000,44748 KB,0.77
Dapper_Unbuffered,DefaultJob,False,Default,Default,Default,Default,Default,Default,1111111111111111,Empty,RyuJit,Default,X64,8c5e7fda-e8bf-4a96-9a85-a6e23a8c635c,.NET 10.0,False,True,False,True,Default,Default,False,False,False,Default,Default,Default,Default,Default,Default,Default,Default,Default,Default,Default,Default,Default,Default,Default,Default,Default,16,Default,100000,"333,265.0 μs","6,542.30 μs","8,034.53 μs",0.98,0.03,6000.0000,5000.0000,1000.0000,44742.91 KB,0.77
Dapper_QueryUnbuffered,DefaultJob,False,Default,Default,Default,Default,Default,Default,1111111111111111,Empty,RyuJit,Default,X64,8c5e7fda-e8bf-4a96-9a85-a6e23a8c635c,.NET 10.0,False,True,False,True,Default,Default,False,False,False,Default,Default,Default,Default,Default,Default,Default,Default,Default,Default,Default,Default,Default,Default,Default,Default,Default,16,Default,100000,"345,021.2 μs","6,887.27 μs","7,931.39 μs",1.02,0.03,6000.0000,5000.0000,1000.0000,44855.53 KB,0.77
